Gigabox,Nurse,115.510218,38.226652
Devshare,Associate Professor,53.8103933,57.652547
Npath,VP Quality Control,67.1894488,41.6183527
Skaboo,Dental Hygienist,126.065213,9.939624
Riffpedia,Environmental Tech,118.489851,24.724853
Youbridge,Sales Representative,87.626156,44.109264
Skinder,Design Engineer,121.2786716,14.5165603
Zoonder,Professor,54.0079341,32.2487226
Aimbu,Junior Executive,130.4001656,32.2084468
Yodo,Biostatistician IV,123.5532073,-10.2530955
Twitterbridge,Operator,4.1360234,8.7531549
Meezzy,Analog Circuit Design manager,-1.813332,47.772714
Tagchat,Technical Writer,106.9506175,-6.939897
Skyba,Senior Financial Analyst,13.5581889,52.4981613
Bluezoom,Librarian,108.1221146,-7.4111208
Thoughtsphere,Business Systems Development Analyst,36.5662858,32.7128968
Youtags,Automation Specialist I,30.6044813,59.8037463
Eazzy,Associate Professor,120.4520149,32.5483419
Realbuzz,Geological Engineer,123.5833333,25.8333333
Realbridge,Information Systems Manager,-8.4788248,40.280218
Kwilith,Chemical Engineer,57.7301714,56.4797638
Skynoodle,Graphic Designer,113.297919,22.495591
Mudo,Graphic Designer,37.5438564,54.7288441
Oyoyo,Sales Associate,31.4155591,26.9915774
Eadel,Business Systems Development Analyst,102.405819,24.168957
Voonder,Social Worker,10.4024274,63.4400274
Quinu,Teacher,123.4584998,13.0710293
Fivechat,Software Test Engineer III,21.0511534,53.1405147
Devpoint,Quality Engineer,-172.0448001,-13.8474624
Brainsphere,Senior Developer,-76.4476321,18.1712764
Skalith,Product Engineer,13.9418552,50.6731869
Livefish,Electrical Engineer,-105.98446,49.63336
Skimia,Data Coordiator,124.574799,11.57256
Gabvine,Compensation Analyst,7.2491037,12.7578433
Npath,Operator,-77.8724575,-9.0166555
Kanoodle,VP Product Management,48.5087209,36.6830045
Jamia,Actuary,-88.3263603,14.9415552
Rhyloo,Health Coach I,77.597552,39.266576
Wikizz,Software Engineer IV,118.670339,31.9339724
Cogilith,Health Coach I,112.4303,-7.0748
Riffpath,Pharmacist,37.6031799,54.2474065
Fadeo,Speech Pathologist,113.273288,23.157289
Oyope,Budget/Accounting Analyst II,40.7666934,45.6592536
Browsedrive,Senior Financial Analyst,14.1583048,59.6932155
Jabberbean,Legal Assistant,14.6984205,45.5291637
Youfeed,Nuclear Power Engineer,120.04619,35.872664
Demivee,Geologist I,131.6906274,33.2035282
Flashpoint,Assistant Manager,-95.8562271,36.0458806
Zava,Pharmacist,-58.6162188,-34.6672811
Zooxo,Teacher,105.2775923,20.6213895
Voonder,Associate Professor,54.0738979,36.8979986
Livetube,Environmental Specialist,40.5854053,56.8682477
Thoughtworks,Recruiting Manager,2.087826,49.0426
Plajo,Associate Professor,33.4075149,-3.5594169
Realfire,Legal Assistant,48.6388661,41.4488926
Kare,Human Resources Assistant IV,13.6430342,49.9606288
Realfire,Community Outreach Specialist,4.4735386,8.5395253
Vimbo,Physical Therapy Assistant,17.0860622,45.5691045
Bubblebox,Software Engineer I,38.1830715,56.4987582
Jayo,Account Coordinator,-80.3408061,-4.9295129
Oodoo,Assistant Professor,-75.393831,6.485702
Janyx,Accounting Assistant IV,-149.4260421,-17.6509195
Zoomlounge,Operator,105.348246,22.7615314
Jaloo,Health Coach I,38.9367364,48.1406371
Twitterbeat,Dental Hygienist,115.786056,25.600272
Trupe,Operator,20.3845205,64.8734795
Jabberbean,VP Sales,113.87497,22.99732
Katz,Engineer I,114.157935,22.280436
Vinte,Research Associate,-80.9760556,32.0005346
Wikizz,Legal Assistant,121.5594587,16.6969748
Devpulse,Executive Secretary,13.7300442,57.3423349
Linkbridge,Physical Therapy Assistant,99.822979,10.1096551
Zoomlounge,Human Resources Assistant II,121.512981,31.235029
Eidel,Systems Administrator I,8.7756556,34.4311398
Skimia,Human Resources Assistant III,-75.5160235,6.1747517
Zazio,Quality Engineer,43.6039301,15.7030403
Aimbo,Sales Associate,30.7116561,28.297814
LiveZ,Safety Technician II,118.993885,25.419319
Meemm,Nuclear Power Engineer,123.1446683,13.5438736
Yacero,Legal Assistant,15.28454,53.5659675
Twimm,Account Coordinator,13.769491,45.5632781
Agimba,Staff Accountant III,39.556825,53.8257473
Realbuzz,Nurse Practicioner,21.1449975,37.9346907
Skyndu,VP Product Management,30.2625,53.7352
Blogspan,Internal Auditor,116.838834,38.304477
Skyba,Office Assistant IV,6.1519039,48.6853182
Voonix,VP Marketing,0.3183792,40.9380536
Photobean,Operator,-9.1576429,39.3616253
Demizz,Registered Nurse,39.5314274,44.418695
Livetube,Data Coordiator,-54.7576819,-24.2481501
Aivee,Marketing Assistant,105.3306814,20.7019477
Cogilith,Safety Technician I,20.2328467,67.8509908
Zoomlounge,Programmer III,120.7822013,15.5518829
Youtags,Senior Cost Accountant,-8.4784945,51.8815586
Thoughtsphere,Mechanical Systems Engineer,84.0751534,56.5496799
Jaxworks,Health Coach II,113.7809,-8.0526
Geba,Research Associate,111.581975,27.36017
Tambee,Nurse,17.5208614,59.1956358
Topicstorm,Technical Writer,-49.6258261,-22.8997858
Browsezoom,Accountant III,114.980217,30.608675
Gevee,VP Marketing,123.6091507,9.9153112
Realcube,Account Executive,120.9422852,15.3993773
Thoughtmix,Geological Engineer,115.084794,23.774635
Centizu,Accountant III,51.4624642,35.5770451
Skimia,VP Sales,2.1990763,7.7849087
Yotz,Pharmacist,-73.8918897,40.8285039
Centizu,Operator,15.6530104,60.6130236
Twitterwire,Nuclear Power Engineer,2.3757659,48.8335842
Janyx,Executive Secretary,16.0279817,56.7813252
Yotz,Nuclear Power Engineer,116.30275,29.657856
Demizz,Assistant Media Planner,20.4899734,38.1731682
Plambee,Payment Adjustment Coordinator,113.298675,23.043061
Jabbersphere,Community Outreach Specialist,116.980756,-0.421633
Dynava,Help Desk Technician,82.353656,44.840524
Skimia,Structural Engineer,1.7243511,42.930418
Demivee,Research Assistant II,19.7822663,49.6805192
Agivu,Web Developer II,123.4675853,9.8318931
Trudeo,Product Engineer,54.578097,31.7640178
Kazu,Chief Design Engineer,3.2885455,7.4368244
Twitterworks,Structural Analysis Engineer,128.58861,34.85028
Babbleset,Dental Hygienist,106.3493224,-6.6513426
Browsedrive,Account Coordinator,-36.0784687,-8.0030329
Wikizz,Executive Secretary,-72.017927,19.6925744
Lajo,Pharmacist,114.465793,30.017741
Kaymbo,Engineer I,-68.2206477,-15.3075834
Gigazoom,Senior Developer,110.016031,25.556716
Midel,Payment Adjustment Coordinator,120.665667,42.060385
Abata,Structural Engineer,115.3410632,-8.1268196
Eadel,Internal Auditor,114.305539,30.592849
Trilia,Senior Cost Accountant,10.0664589,59.0295207
Realfire,Associate Professor,101.799742,21.4692055
Plambee,Librarian,16.522025,49.6273493
Browseblab,Director of Sales,44.8980984,57.0473929
Oyoloo,Internal Auditor,37.8618422,8.9721547
Skyndu,Environmental Specialist,148.1452805,62.7810616
Nlounge,Analyst Programmer,80.1030014,6.139428
Tazz,Staff Accountant III,28.7693554,-30.2932904
Plambee,Community Outreach Specialist,85.38086,44.055922
Eazzy,Biostatistician IV,-4.212759,48.3728929
Wordpedia,GIS Technical Architect,-8.9519943,39.61335
Devpulse,Senior Sales Associate,120.15507,30.274084
Teklist,VP Product Management,110.724701,-2.269994
Tagpad,Community Outreach Specialist,125.1864669,44.4286616
Skyvu,Health Coach II,105.3131185,20.6861265
Browsebug,Accountant II,-102.1943485,17.9567646
Skilith,Clinical Specialist,-91.6341489,15.0690612
Topiclounge,Assistant Manager,45.1378873,40.8950649
Zoozzy,Structural Engineer,-43.7764925,-21.2399347
Buzzshare,Account Executive,120.728801,28.846966
Eabox,Associate Professor,113.0369406,-8.0295271
Mydeo,Environmental Specialist,-73.8896849,18.5680048
Voomm,Research Associate,-71.4306785,-14.1007487
Jamia,Electrical Engineer,40.2145002,61.6724707
Flashdog,Compensation Analyst,101.9476452,2.7239834
Wikido,Research Assistant I,17.5860395,52.8818616
Oba,Structural Engineer,19.3967389,51.5671926
Tekfly,Database Administrator II,119.03867,-8.50246
Skipstorm,Structural Analysis Engineer,17.2614777,50.9645521
Digitube,Clinical Specialist,-107.8016967,50.2927014
Dablist,Payment Adjustment Coordinator,110.856592,21.604364
Cogidoo,Paralegal,112.1579249,-7.7766561
Brainverse,Web Designer IV,115.375158,22.786186
Bluejam,Environmental Specialist,-46.0107997,-23.5893189
JumpXS,Design Engineer,34.97442,31.52057
Linkbridge,Web Designer III,5.534063,45.70734
Twimbo,VP Accounting,120.9676054,14.5937178
Skipfire,Administrative Officer,1.2606792,43.3423246
Mymm,Help Desk Technician,30.469358,46.9755236
Flashset,Chemical Engineer,-71.3205493,48.5556837
Muxo,Desktop Support Technician,134.6086469,34.1990503
LiveZ,VP Quality Control,34.7518631,0.2827307
Skynoodle,Automation Specialist IV,106.666626,32.158809
Realbuzz,Computer Systems Analyst III,100.0359661,19.9034294
Dynabox,Financial Analyst,-106.4183141,31.674972
Tagchat,Quality Control Specialist,112.497228,27.955261
Dablist,Systems Administrator III,41.4669909,52.6029163
Oyonder,Operator,34.6341859,47.5015067
Katz,Marketing Manager,-67.4324153,48.465994
Meevee,Quality Control Specialist,-100.3694401,25.6564843
Topicware,Quality Engineer,48.9659955,52.6052298
Roombo,Human Resources Assistant III,23.941751,4.9801882
Devshare,Geological Engineer,-76.947022,20.1566488
Gabtype,Biostatistician I,15.4435586,43.9373047
Quatz,Payment Adjustment Coordinator,-79.2169174,43.1135996
Realpoint,Media Manager II,17.48955,52.20307
Mynte,Assistant Manager,124.789568,6.382615
Brightdog,Librarian,34.739449,31.877958
Zooveo,Chemical Engineer,19.7935705,50.0898965
Yakijo,Database Administrator I,-58.5577501,-34.6795558
Feedfire,Recruiting Manager,76.0001092,39.4587784
Shuffletag,Nurse Practicioner,10.9510315,9.9847566
Quinu,VP Product Management,23.9333037,37.8833564
DabZ,Administrative Assistant IV,23.7282719,41.5728211
Mynte,Research Assistant III,121.0410861,15.6540915
Twitterlist,Biostatistician III,121.0318426,14.5669327
Kwideo,Human Resources Assistant IV,-70.2408325,-6.8416993
Lazz,Recruiter,110.738098,30.501816
Eadel,Programmer Analyst IV,123.3577849,10.9466832
Trilith,Executive Secretary,122.615819,10.829771
Jabberstorm,Assistant Professor,114.532957,28.955847
Topicshots,Software Engineer I,34.3434119,-2.0076624
Feedfire,Programmer I,109.339497,37.659013
Browsebug,Director of Sales,-61.7853499,17.0349138
Trilith,Registered Nurse,32.4070834,34.8281946
Quaxo,Human Resources Manager,106.8104633,-6.2266758
Browsetype,Marketing Manager,107.0037509,-7.2693645
Myworks,Cost Accountant,31.5654425,30.4231682
Innotype,Operator,97.3688438,37.3745927
Oozz,Help Desk Technician,23.802873,37.8334351
Zava,Mechanical Systems Engineer,112.949437,27.08556
Livetube,Marketing Assistant,-60.8609358,-3.9148823
Myworks,Help Desk Technician,32.5498069,29.9668343
Minyx,Civil Engineer,16.450466,51.0377167
Fivebridge,VP Accounting,110.8171082,-6.4712737
Youopia,Developer IV,104.9361753,15.9005049
Pixonyx,Dental Hygienist,-73.54213,-14.19396
Twimbo,GIS Technical Architect,124.2636184,12.4226795
Skibox,Chemical Engineer,-122.8020059,45.4863306
Riffpedia,Computer Systems Analyst I,113.502213,22.266978
Izio,Sales Associate,120.934925,30.943659
Photojam,Programmer Analyst I,19.0735581,43.5571062
Layo,VP Accounting,48.5260928,41.3643024
Tavu,Community Outreach Specialist,42.0223291,45.1253665
Tazz,Data Coordiator,88.880492,29.270311
Oyoloo,Chemical Engineer,42.846668,45.3180513
Kamba,Project Manager,20.0285889,40.124026
Kanoodle,Sales Associate,20.636949,49.902219
Skyble,Geologist III,110.1808,28.424415
BlogXS,Junior Executive,31.9899648,-3.4944313
Eare,Graphic Designer,135.3785556,34.5021072
Latz,Civil Engineer,125.3411388,-8.5891214
Browsecat,Structural Analysis Engineer,-97.8367954,22.2016816
Twiyo,Cost Accountant,101.6612934,16.5361315
Yamia,Analog Circuit Design manager,-73.4372336,45.5833482
Mymm,Senior Financial Analyst,-80.5716199,22.2795961
Avavee,Software Test Engineer I,15.2696961,59.162099
Kare,Database Administrator I,-8.8458421,41.80088
Browseblab,Automation Specialist II,50.8076496,59.3119146
Devpulse,Director of Sales,3.8299106,43.6167208
Realfire,Statistician II,57.4796981,-20.4780364
Flashpoint,Recruiter,106.0889,-6.4222
Zoombeat,VP Accounting,121.018975,14.55647
Babblestorm,Electrical Engineer,114.8804853,-2.430223
Babbleset,Account Representative II,130.3392896,33.5885186
Demimbu,Engineer IV,12.9130426,57.7313899
Feedspan,Librarian,4.3520438,43.8447278
Zoonder,VP Accounting,26.9911288,-5.387502
Thoughtstorm,Chief Design Engineer,45.7651734,64.8973466
Oyondu,Physical Therapy Assistant,20.9163887,41.9236371
Centizu,Geological Engineer,25.9658805,64.1775401
Skaboo,Tax Accountant,48.61667,31.25583
Jabbersphere,Project Manager,114.346251,22.691253
Topicblab,Assistant Media Planner,-79.565078,-7.4040051
Jabbertype,Paralegal,8.5528746,35.8904199
Meedoo,Cost Accountant,121.436555,31.221062
Voomm,Financial Advisor,24.5221788,56.6062481
Devify,Teacher,-96.8,32.78
Flashdog,Occupational Therapist,121.2478052,31.3211873
Jabberbean,Staff Accountant I,120.564983,28.438851
Dynazzy,Human Resources Assistant I,14.5721903,45.9859651
Feedspan,Biostatistician I,35.3411388,-23.8611302
Jaloo,Quality Control Specialist,121.0589081,14.7596318
Ooba,Executive Secretary,5.1175293,52.08234
Buzzshare,Legal Assistant,15.0797515,50.9213963
Devify,Administrative Officer,16.7485695,60.601518
Skinix,Systems Administrator III,24.6980251,51.209018
Gabvine,Chemical Engineer,46.0166879,40.8288144
Quire,Human Resources Assistant III,30.18109,-29.56225
Nlounge,VP Product Management,38.898941,-6.4456338
Jabberbean,Mechanical Systems Engineer,1.9639754,48.777799
Feedspan,Software Consultant,50.0415363,40.5811666
Linkbridge,Professor,103.129954,34.500554
Oyondu,Accountant I,33.2050521,51.2409432
Wikibox,Mechanical Systems Engineer,-71.4314206,-14.2171388
Teklist,Recruiting Manager,50.4113423,32.9943312
Livetube,Marketing Assistant,-174.3502613,-19.811431
Jetpulse,Electrical Engineer,-7.8270679,40.3753959
Quinu,Web Developer III,2.1504611,43.9277535
Fanoodle,Budget/Accounting Analyst I,54.3139277,29.1893104
Shufflebeat,Statistician II,120.39631,36.307064
Zoomzone,Operator,122.2887594,13.9573134
Feedspan,Biostatistician I,68.1194872,26.8310493
Shuffledrive,Systems Administrator I,114.137862,22.541373
Divavu,VP Product Management,106.4111425,-6.615755
Tagchat,Technical Writer,-55.754731,-27.455258
Snaptags,Computer Systems Analyst III,133.9326833,44.348809
Fanoodle,Safety Technician II,122.2001457,-8.6436471
Brainverse,Administrative Officer,16.3268491,46.8289256
Kazu,Internal Auditor,55.4277802,-4.6210967
Teklist,VP Marketing,-9.1327273,53.806868
Topicware,Programmer Analyst III,20.0476701,53.0859681
Buzzdog,Social Worker,17.9436913,59.2234099
Quinu,VP Quality Control,-149.6045718,-17.623
Photobug,Project Manager,35.08287,32.0671
Edgetag,Systems Administrator III,120.468847,37.075814
Kwimbee,Quality Control Specialist,113.165197,31.938731
Tekfly,Health Coach II,121.0413488,14.7172639
Realcube,Civil Engineer,38.2082157,48.2368992
Jabbersphere,Chemical Engineer,18.0486064,50.2461852
Blognation,Librarian,-45.133574,-4.5699815
Photobug,Biostatistician I,114.2138957,34.1009765
Dabtype,Sales Associate,122.9580541,13.8266134
Tagcat,Programmer II,122.248779,40.819371
Katz,Nurse,-50.068456,-23.047822
Fadeo,VP Quality Control,100.22775,26.855047
Vinte,Community Outreach Specialist,60.4890295,56.7980147
Edgetag,Operator,18.1227285,52.8886634
Rhybox,Occupational Therapist,-11.4055282,16.6258353
Pixope,Professor,-8.2869478,39.2122525
Zooxo,Systems Administrator III,29.2092738,49.1040007
Jayo,Quality Engineer,-72.5441445,5.0071513
Voonix,Nurse,41.9246083,19.1284443
Topicware,Mechanical Systems Engineer,-99.5360598,18.3549366
Fivechat,Staff Accountant IV,-99.0591821,19.3376878
Oyoba,Database Administrator IV,5.397367,51.7153134
Jazzy,Legal Assistant,13.1119454,56.1357417
Voolith,Analyst Programmer,120.3089541,-3.3472662
Meetz,Automation Specialist IV,116.371207,39.953041
Tagchat,Junior Executive,34.336891,48.6482135
Wordify,Statistician I,-73.5947459,-4.4864625
Blognation,Web Designer I,105.348246,22.7615314
Lazz,Sales Representative,113.943916,22.940196
Bubblebox,General Manager,90.2905901,49.663978
Topiczoom,Systems Administrator IV,31.1364,52.5643
Gigazoom,Senior Editor,17.825072,46.283972
Jatri,Quality Engineer,140.2633467,38.1483676
Eare,Structural Analysis Engineer,-46.185867,-23.5213379
Skyble,Operator,-75.6557206,-5.2368931
Skiptube,Food Chemist,107.8034,-7.3559
Zoomdog,Assistant Media Planner,20.8889257,38.9190379
Rhyloo,Geologist III,-7.6222665,32.9924242
Vinder,Paralegal,127.7583123,26.2664534
Digitube,Geological Engineer,-8.3881947,41.414967
Feednation,VP Accounting,123.269,13.7341
Jabberstorm,Nurse Practicioner,14.8077914,56.8965251
Jaxworks,Quality Engineer,123.6819029,-10.2043297
InnoZ,Accounting Assistant II,-12.3113147,-37.0680421
Yombu,Design Engineer,22.300981,60.303444
Katz,Environmental Tech,-72.1697501,19.5797297
Skipfire,Media Manager III,-98.9145313,19.3267846
InnoZ,Web Designer III,35.347106,33.016688
Skiba,Staff Scientist,123.867401,-9.975524
Gabspot,Programmer IV,116.0761121,5.9840985
Bubbletube,VP Quality Control,9.1855974,45.4476447
Topicblab,Executive Secretary,-82.5943072,9.4779595
Topicshots,Assistant Professor,-57.6258993,-37.9707308
Edgeify,Assistant Media Planner,104.2483085,52.2445931
Digitube,Safety Technician I,34.9961191,57.0771327
Browsecat,Health Coach I,35.259602,31.811201
Buzzbean,Sales Associate,-54.1038619,-31.3317595
Youfeed,Legal Assistant,10.4024274,63.4400274
Midel,Account Coordinator,37.2712341,55.599648
Yozio,Technical Writer,2.3977418,48.9124688
Skilith,Staff Scientist,34.1121629,44.4353271
Roodel,Administrative Officer,1.6196332,43.1162469
Skimia,Data Coordiator,121.593799,45.38193
Kayveo,Payment Adjustment Coordinator,103.5668302,16.720024
Myworks,Junior Executive,120.006202,36.285877
Flipbug,Safety Technician IV,21.0487361,51.1501056
Riffwire,Safety Technician IV,105.3014109,21.3026143
Linkbridge,Financial Advisor,-89.1467832,14.8497254
Linklinks,Civil Engineer,121.085794,29.919421
Avamm,Help Desk Technician,113.625328,34.746611
Gigazoom,Director of Sales,37.4596409,-0.5388381
Vidoo,Financial Analyst,-89.8497574,14.2552463
Cogidoo,Web Designer I,15.100286,52.0463222
Babbleblab,Project Manager,138.5794706,37.3571829
Dynabox,Senior Developer,14.1889828,50.1559431
Jabberstorm,Assistant Professor,115.0916254,-8.1149145
Plajo,Analyst Programmer,-102.7799627,20.8068681
Reallinks,Physical Therapy Assistant,22.23529,41.81758
Brightdog,Research Nurse,82.8403008,58.3615767
Cogidoo,Financial Analyst,32.2714587,30.5964923
Voolia,Database Administrator II,44.8379034,54.7124613
Zoombeat,Human Resources Manager,117.251076,34.253164
Agivu,Compensation Analyst,123.37082,42.93823
Kwinu,Project Manager,60.166299,57.9093249
Skinix,Occupational Therapist,106.3166,-6.8783
Browsebug,Recruiting Manager,115.111632,-8.447079
Oyondu,Electrical Engineer,-48.7218983,-23.3866812
Devshare,Engineer I,122.6579982,11.0126649
Quaxo,Electrical Engineer,47.1156092,36.4051945
Jayo,Registered Nurse,14.4107891,50.2334147
Lazzy,Business Systems Development Analyst,39.5632497,50.1987725
Avaveo,Assistant Manager,87.5395855,42.5246357
Jaxspan,Dental Hygienist,116.1093533,-8.6743207
Thoughtbeat,Nurse Practicioner,118.9353968,29.5530941
Centimia,Compensation Analyst,121.653543,17.902174
Yambee,Actuary,17.09514,61.2698079
Zoonoodle,Administrative Officer,37.618106,55.780902
Livepath,Electrical Engineer,96.128731,4.509193
Meeveo,Office Assistant IV,80.510807,7.253201
Photobug,Human Resources Manager,-43.7764925,-21.2399347
Trupe,Project Manager,12.1575544,-15.1978317
Katz,Electrical Engineer,-57.59837,49.01671
BlogXS,Senior Editor,30.9427433,30.6795086
Avamm,Account Executive,43.4536443,-11.8256582
Aibox,Social Worker,42.9086187,53.4078295
Ooba,Senior Editor,104.241546,25.152278
Rhycero,Senior Editor,122.956811,14.097615
JumpXS,Pharmacist,35.2998,31.95388
Twimbo,Chemical Engineer,2.5135985,45.2977605
Zoomzone,Geologist II,113.8019562,-7.0428799
Jatri,Programmer Analyst II,13.1962394,55.6386983
Devcast,Dental Hygienist,121.2198521,28.6559273
Twitterwire,Civil Engineer,110.361715,30.513598
Voomm,Environmental Specialist,122.0865444,11.5105782
Skyndu,Pharmacist,38.4021735,44.4713171
Trilia,Assistant Media Planner,113.5384156,-8.2933192
Agivu,Design Engineer,57.5497376,-20.495949
Rhynyx,Statistician II,111.513127,32.540157
Topicstorm,Operator,15.230454,50.3616019
Tazzy,Electrical Engineer,26.354462,-31.3961762
Ailane,Accounting Assistant II,118.14065,48.35874
Zoomdog,Payment Adjustment Coordinator,156.9842018,51.3100484
Quimm,Recruiter,108.024301,-6.6047761
Lazzy,Tax Accountant,2.591512,48.5878559
Skyble,Office Assistant III,114.514893,38.042805
Lazzy,Senior Quality Engineer,119.7889248,29.1416432
Devcast,Human Resources Manager,96.4663286,17.3220711
Mydeo,Mechanical Systems Engineer,-0.3696612,43.2916776
Bluezoom,Marketing Manager,100.417181,16.0213558
Dazzlesphere,Legal Assistant,120.3903545,15.6240255
Minyx,Automation Specialist I,-74.259334,4.485011
Eamia,Professor,117.115101,30.531919
Miboo,Payment Adjustment Coordinator,115.3,-1.9
Quamba,Computer Systems Analyst II,111.380014,29.584292
Tazz,Senior Cost Accountant,126.959837,45.169716
Trudoo,Recruiting Manager,-78.2809879,-9.148289
Skyvu,Senior Developer,12.0657604,58.5642523
Skyndu,Product Engineer,115.1036,-8.5437
Tazz,Sales Associate,116.948961,35.32608
Realcube,Design Engineer,-121.49,38.58
Aimbu,Automation Specialist I,121.0348405,14.6099284
Lazz,Recruiting Manager,-72.0631118,8.2673715
Innotype,Research Nurse,125.0079426,11.275175
Demivee,Help Desk Operator,117.205832,31.015709
Mynte,Systems Administrator IV,6.0684306,52.5019685
Kamba,Human Resources Assistant IV,23.5960975,61.549558
Kare,VP Quality Control,-76.01598,3.5737543
Viva,Internal Auditor,42.9021581,45.0209955
Wordify,Biostatistician IV,-9.0891772,38.6223353
Trupe,Structural Analysis Engineer,-9.0785922,38.6031664
Blogpad,Clinical Specialist,108.3890321,-6.4153234
Skaboo,Programmer Analyst IV,37.6278499,55.590397
Wordify,Quality Engineer,19.9684918,51.8135681
Brainverse,Senior Sales Associate,104.969882,28.845626
Thoughtsphere,Automation Specialist IV,119.560304,25.941708
Brainsphere,Actuary,36.3725301,48.116045
Gigashots,Geologist II,132.4671327,49.0026196
Realmix,Community Outreach Specialist,124.5444219,6.6753696
Tavu,Project Manager,23.9240561,49.7479799
Zava,Compensation Analyst,108.0509743,-7.5229136
Trilith,Graphic Designer,-75.7255192,5.096528
Mybuzz,Senior Sales Associate,80.7647336,6.9815445
Rhynoodle,Junior Executive,118.862331,29.803849
Oyoloo,Web Developer IV,-77.7852575,24.7048435
Janyx,Biostatistician IV,34.6579985,2.5282234
Oyoyo,Quality Control Specialist,99.586963,32.881263
Livepath,Assistant Professor,-75.431596,6.027632
Blogtags,Statistician II,118.541256,27.917263
Devbug,Financial Advisor,126.63333,51.71667
Blogtag,Librarian,111.1041635,-6.6328316
Skidoo,Administrative Officer,139.5501904,38.2905469
Yakijo,Software Consultant,-6.2634596,53.3004898
Tazzy,Registered Nurse,-70.2594346,-15.7665609
Kwideo,Database Administrator I,114.65,-2.8166669
Eidel,Financial Analyst,174.8398349,-36.9518016
Cogidoo,Technical Writer,103.534774,27.378875
Dablist,Occupational Therapist,19.0802389,49.5458457
Skalith,Senior Financial Analyst,110.602332,26.141814
Riffwire,Registered Nurse,-75.7051647,-14.0393995
Bubblemix,Occupational Therapist,85.7616347,52.2215511
Oyoyo,Web Designer II,117.230602,38.058088
Zava,Physical Therapy Assistant,-57.0505991,-23.3525184
Fadeo,Programmer Analyst III,105.5239912,18.6983445
Ntag,Design Engineer,57.536292,22.9171031
Meemm,Nurse Practicioner,-56.9014072,-24.4436327
Trudoo,Community Outreach Specialist,115.331919,24.171911
Dabjam,Geologist I,14.3504236,45.3715797
Eimbee,GIS Technical Architect,-48.9379168,-27.1220596
Leexo,Administrative Officer,-114.6981307,32.7376828
Tagopia,Environmental Tech,24.3359662,35.3292328
Vinte,Computer Systems Analyst II,-77.4587239,37.4040147
Eidel,Mechanical Systems Engineer,108.2659999,-7.360381
Meevee,Teacher,112.2771485,-8.1578871
Dabfeed,Chief Design Engineer,111.1384418,-6.7836529
Twitterbridge,Senior Developer,27.8428651,-22.0028763
Dynabox,Assistant Manager,121.0480673,14.6002303
Browsezoom,Systems Administrator II,112.395432,39.34163
Innojam,Financial Advisor,-37.4894776,-6.4525359
Latz,Assistant Manager,139.9059015,38.828834
Wikizz,Social Worker,44.4160763,46.0675028
Jabbercube,Engineer IV,19.0735581,43.5571062
Aimbo,Product Engineer,-84.081486,9.879065
Mita,VP Accounting,-46.9513691,-23.0931156
Jaloo,Account Executive,22.9246383,40.5004933
Jabbertype,VP Product Management,49.4604521,58.740909
Dabjam,Cost Accountant,111.062933,41.187621
Linkbridge,Account Representative IV,101.4112049,6.848589
Skajo,Recruiter,39.6438647,45.1888273
Yabox,Geological Engineer,99.8543504,13.691158
Gabspot,Systems Administrator III,112.9733,-8.2791
Eidel,Office Assistant III,39.6602235,56.4459712
Eadel,Environmental Tech,37.4521319,12.6030181
Browsezoom,Design Engineer,99.7344154,15.7631488
Quimm,Electrical Engineer,86.574067,42.059759
Browsecat,Sales Representative,-64.3080703,-36.6396492
Wikido,VP Quality Control,105.7704551,20.7337728
Livepath,Quality Engineer,-13.3876116,9.7086357
Voolith,Speech Pathologist,120.585289,31.298974
Agivu,Internal Auditor,104.408801,30.845968
Photobug,VP Product Management,-40.2897153,-20.3321939
Avaveo,Analyst Programmer,85.2774207,26.7831243
Dynabox,Senior Cost Accountant,108.40254,23.892873
Voonix,Financial Advisor,-93.7079745,32.4545928
Wikivu,Help Desk Technician,43.4277773,43.5594247
Thoughtmix,Software Engineer IV,121.293439,32.271335
Quimba,Social Worker,16.2979279,49.9257105
Shufflester,GIS Technical Architect,5.993932,47.287125
Wikivu,Director of Sales,113.7037797,-7.0655878
Riffpedia,Recruiting Manager,-50.7927755,-29.5700426
Buzzbean,Geological Engineer,-6.4202878,54.0026343
Skilith,Analog Circuit Design manager,105.390592,27.685255
Photobean,Mechanical Systems Engineer,101.5326734,3.0100681
Voomm,Nuclear Power Engineer,48.0119891,59.8664826
Myworks,Nuclear Power Engineer,-57.0505991,-23.3525184
Blogtag,Nuclear Power Engineer,38.3579129,55.1970692
Jabberstorm,Health Coach II,119.3008339,26.0890415
Skyble,Computer Systems Analyst II,132.4125243,43.3222143
Tagcat,Pharmacist,124.795761,10.729632
Yakitri,Environmental Specialist,116.0625588,36.448127
Zoomcast,Analog Circuit Design manager,112.832566,40.083782
Demivee,Engineer I,33.99138,45.8699
Npath,Registered Nurse,104.0716533,49.054082
Vitz,Assistant Manager,13.8033551,50.3539812
Midel,Human Resources Manager,-52.3760103,-29.984393
Abata,Database Administrator IV,2.1463759,48.9449573
Shufflester,General Manager,80.6523081,7.8853608
Tambee,Financial Advisor,119.303552,26.091588
Quimm,Graphic Designer,109.402037,24.298195
Layo,Account Executive,-122.33,47.61
Avamm,Analog Circuit Design manager,112.453926,34.620202
Voonyx,Electrical Engineer,-45.0933497,-21.0794915
Blogtags,Mechanical Systems Engineer,140.2706039,38.1553558
Kare,Recruiting Manager,107.8738258,-6.8377775
Divanoodle,Geologist III,22.6973045,60.8560471
Aimbu,Data Coordiator,116.144417,37.868872
Babbleblab,Food Chemist,18.9515077,49.793263
Fliptune,Assistant Professor,112.2711875,-8.1275349
Centizu,Senior Sales Associate,6.1747875,51.3731898
Oyonder,Executive Secretary,13.616014,12.6729174
Devshare,Assistant Manager,16.1508154,46.4086282
Youspan,Financial Analyst,-8.1456405,41.340135
Devpoint,Administrative Assistant II,-73.6344979,11.2561208
Viva,Nuclear Power Engineer,2.2718631,48.8120404
Vidoo,Payment Adjustment Coordinator,108.5456244,34.0380929
Ntags,Dental Hygienist,-79.94,37.27
Jabbertype,Electrical Engineer,17.60181,53.14214
Yacero,Statistician II,101.317787,23.590649
Edgeblab,Business Systems Development Analyst,118.031547,29.391849
Flipstorm,Cost Accountant,-55.9145502,-27.3869255
Eidel,Technical Writer,111.2874835,-6.8272662
Voolia,GIS Technical Architect,11.1234198,49.4418055
Skiba,Assistant Manager,120.5705167,14.9156704
Blogpad,Systems Administrator III,35.3466253,-14.844135
Meemm,Accountant III,119.5738403,31.9617032
Tekfly,Software Test Engineer I,-64.3479781,-33.1341591
Innojam,Executive Secretary,-75.107922,10.748716
Mycat,Structural Engineer,-99.1497466,19.3387759
Kamba,Sales Associate,110.359368,21.270702
Ntags,Environmental Tech,151.201887,-33.863927
Meeveo,General Manager,18.9285154,50.3142814
Gevee,Junior Executive,27.8252814,-22.3281412
Browsedrive,Financial Analyst,121.3404269,14.0158972
Brainsphere,Occupational Therapist,111.172529,30.674124
Voonte,Budget/Accounting Analyst II,35.0999042,31.5798898
Yombu,Chemical Engineer,14.6542767,50.5658445
Oozz,Tax Accountant,122.8405,9.3711
Linkbuzz,Programmer I,36.21444,35.12751
Reallinks,Technical Writer,113.449709,26.6674
Twitterbridge,Human Resources Manager,86.7567219,26.5419464
Kayveo,Research Nurse,112.320413,29.606391
Quire,Office Assistant III,-64.16544,45.06685
Jaxspan,Assistant Manager,116.414961,39.896949
Wikibox,Help Desk Technician,21.5855686,37.1573835
Voonte,Administrative Assistant II,106.287781,36.003739
Skyvu,Environmental Specialist,-9.2710509,38.8491962
Wikibox,VP Marketing,114.2689545,30.5859716
Ooba,Human Resources Assistant IV,31.3579913,30.2182236
Blognation,Desktop Support Technician,-90.363048,14.307125
Kaymbo,Financial Advisor,35.04529,32.152799
Babblestorm,Health Coach II,98.0717968,4.3378413
Quinu,Systems Administrator IV,113.38098,36.402881
Thoughtstorm,Senior Editor,68.1863546,26.9105097
Gevee,Nurse,2.0721605,49.0344736
Skyndu,Help Desk Technician,99.670448,36.334307
Devshare,Web Developer IV,-6.3660863,53.2874153
Skilith,Marketing Assistant,43.7706401,43.9923818
Zooxo,Librarian,-87.16535,13.7583256
Mynte,Analog Circuit Design manager,175.1468145,-37.7068442
Oloo,Social Worker,12.5532982,55.6840317
Agimba,Graphic Designer,123.2559847,0.9073068
Zooxo,Librarian,17.2364118,53.5380522
Photofeed,Web Designer I,35.021481,32.28548
Zava,Human Resources Assistant I,115.830376,22.816884
Lazz,Administrative Assistant III,86.3,28
Skibox,Quality Control Specialist,21.3556594,60.8255382
Topicware,Compensation Analyst,35.18574,32.51494
Feedfish,Account Representative II,101.7178316,3.1523104
Wikizz,Clinical Specialist,119.9481515,31.7238883
Buzzbean,Systems Administrator III,101.7296049,6.2958736
Blogspan,Automation Specialist I,36.0524154,56.8969576
Oyondu,Financial Advisor,121.5146,-8.8043
Fatz,Cost Accountant,86.27669,29.521296
Plajo,Actuary,42.7717966,54.8948642
Livetube,Electrical Engineer,-48.7837539,-28.4748354
Shufflebeat,Administrative Officer,-49.9456615,-22.2169379
Dabtype,Editor,120.989883,14.437059
Jabbersphere,Food Chemist,125.217735,49.297491
Brightdog,Database Administrator IV,40.9436341,57.7758077
Vipe,VP Quality Control,-57.7146588,-3.3851176
Jayo,Budget/Accounting Analyst II,17.6789782,45.1454871
Gabtune,Staff Scientist,21.9208543,36.8634887
Ntags,Mechanical Systems Engineer,-49.0717331,-26.9165792
Yozio,Project Manager,22.53047,41.32042
Photobug,Quality Engineer,6.5303102,6.1816141
Youfeed,Programmer Analyst IV,121.6511258,-4.0447102
Skimia,Community Outreach Specialist,118.930364,32.31876
InnoZ,Staff Scientist,-8.3742728,41.9867326
Mynte,Speech Pathologist,-0.3371889,40.7559095
Katz,Accountant III,-1.2821339,47.0799211
Trudeo,Senior Editor,112.35518,28.55386
Gigabox,GIS Technical Architect,21.05416,49.89477
Twitterlist,Statistician IV,123.768678,7.897581
Meevee,Occupational Therapist,-70.41976,18.9364797
Kazio,Junior Executive,100.222545,26.641315
Buzzbean,Software Engineer IV,118.9353968,29.5530941
Feedbug,GIS Technical Architect,123.4869995,12.2200003
Twitterwire,VP Sales,16.1508154,46.4086282
Mybuzz,Chief Design Engineer,43.8242982,42.0387882
Mynte,Associate Professor,13.9706421,49.9609687
Aivee,Quality Engineer,116.357464,37.434092
Snaptags,Automation Specialist IV,43.6468877,45.056443
Linkbuzz,Internal Auditor,14.8914165,58.4405927
Lazzy,Operator,41.1600688,45.4885295
Plambee,Developer IV,103.82319,32.748741
Rhynyx,Information Systems Manager,-8.3881947,41.414967
Gabcube,Paralegal,124.4752715,-10.0274881
Skimia,Geological Engineer,9.6586061,59.1499143
Yata,Accountant I,45.9011736,43.1463186
Shuffledrive,Analog Circuit Design manager,121.7391833,25.1276033
Oyonder,Safety Technician I,110.545513,19.199386
Eamia,Senior Quality Engineer,151.2092955,-33.8688197
Zazio,Editor,120.6166667,14.9333333
Zava,Librarian,55.6720592,58.00284
Browsedrive,Data Coordiator,61.8526229,30.9606622
Agivu,Biostatistician IV,15.7887356,60.0071007
Tagopia,Nurse Practicioner,64.4755218,61.6787713
Skalith,Senior Sales Associate,-9.2406619,38.661678
Thoughtblab,Payment Adjustment Coordinator,-53.024918,-29.4130611
Nlounge,Registered Nurse,124.884035,11.390993
Rhyzio,Database Administrator II,-8.1656088,41.3121037
Feedspan,Business Systems Development Analyst,37.9416367,55.6152783
Dabjam,Nurse,135.7900209,-3.9020493
Layo,Chief Design Engineer,108.706358,34.704077
Skiptube,Assistant Media Planner,105.220236,31.029897
Aimbu,Legal Assistant,110.5806783,-6.9774659
Buzzbean,Payment Adjustment Coordinator,-3.1605843,53.3758568
Quimm,Senior Cost Accountant,13.7575556,49.735524
Tagpad,Staff Accountant I,129.791945,44.900941
Fadeo,Geological Engineer,108.472893,31.411847
Eire,Engineer II,38.564841,48.7790663
Fiveclub,GIS Technical Architect,-28.190947,38.460109
Quamba,VP Quality Control,120.16366,33.347316
Zoombox,Recruiter,109.6745916,-6.8898362
Meedoo,VP Accounting,107.6185727,-6.6889038
Divavu,Senior Sales Associate,116.133466,23.439596
Jaxspan,Director of Sales,112.4172256,-7.617735
Wordify,Design Engineer,19.7502384,40.7163491
Nlounge,Analyst Programmer,125.323544,43.817071
Meeveo,Account Coordinator,118.675675,24.874132
Topiclounge,Developer III,44.8434843,43.2038704
Rooxo,VP Sales,120.284938,31.920658
Bubbletube,Data Coordiator,15.1882404,49.2531842
Meejo,Compensation Analyst,40.3798477,56.1428751
Skynoodle,Budget/Accounting Analyst II,54.3310196,59.6185698
Trunyx,Automation Specialist II,91.847388,29.097342
Meedoo,Clinical Specialist,19.3629829,44.3623348
Yodo,Account Coordinator,45.95,-24.333333
Topdrive,Software Engineer IV,100.4227992,13.8135951
Tagtune,Nurse,24.8195808,48.3343908
Yotz,Software Test Engineer I,112.175245,27.456658
Kaymbo,Systems Administrator I,57.6864138,-20.1494006
Roombo,Environmental Specialist,106.118868,29.710994
Flashdog,Design Engineer,15.162899,43.9375282
Trunyx,Tax Accountant,110.8171082,-6.4712737
Abata,Human Resources Manager,86.8634095,53.8035238
Twitterbridge,Research Assistant IV,14.6315962,45.020739
Blogtags,Human Resources Manager,113.8575,-8.2631
Skipstorm,Geologist III,106.8473377,-6.2523005
Oyoloo,VP Marketing,-84.102054,9.90299
Trilia,Research Associate,-95.54919,29.8867761
Jaxnation,Developer I,120.4068073,16.0080573
Chatterbridge,Chemical Engineer,15.4126394,50.5848682
Livetube,VP Sales,119.975172,31.437058
Gabspot,Director of Sales,123.9181504,9.9241833
Photobug,Systems Administrator II,117.500558,40.417358
Twimm,Graphic Designer,-77.63279,48.43349
Centidel,Developer I,-8.3092933,40.1394691
Linklinks,Project Manager,18.6691683,51.6437127
Roomm,Senior Cost Accountant,107.5120556,16.5762863
Linklinks,Pharmacist,23.802873,37.8334351
Buzzdog,Budget/Accounting Analyst III,10.7590006,59.960223
Quatz,Staff Scientist,36.6795425,35.6479869
Dynava,Nurse,44.4523581,43.1910991
Roodel,Health Coach IV,-87.4659693,13.8267271
Yodel,VP Sales,101.803717,36.599744
Minyx,Software Engineer III,120.2258,-8.8058
Edgetag,Human Resources Manager,-9.0267076,29.5769271
Blognation,Nuclear Power Engineer,5.6469613,51.9671737
Dabshots,VP Marketing,18.7963503,45.2661778
Jaloo,Clinical Specialist,41.2841466,52.7680084
Linkbridge,GIS Technical Architect,-77.0197479,-12.09985
Vidoo,Financial Advisor,22.3696964,49.5773435
Mita,Senior Developer,-8.2493359,41.4548181
Brainlounge,Senior Editor,-60.713149,-27.582369
Dynazzy,Programmer III,118.552365,24.781681
Pixoboo,Information Systems Manager,113.2475087,23.1243988
Divanoodle,Database Administrator IV,105.8451758,19.992977
Flashpoint,Software Consultant,-6.2216678,41.5776315
Leexo,Geological Engineer,-0.445788,52.913784
Wordify,Assistant Manager,117.274909,39.989836
Skynoodle,Budget/Accounting Analyst II,107.8628297,-7.2575486
Camido,Data Coordiator,26.6494394,-27.7863104
Skinte,Speech Pathologist,-61.6676857,12.0375095
Eare,Marketing Assistant,23.7965135,37.9885749
Kimia,Staff Accountant I,110.6647198,-6.6187563
Abatz,Human Resources Manager,24.8816753,41.2290466
Tagcat,Web Designer III,105.298756,34.014215
Tagopia,Paralegal,136.7827153,37.0657211
Jaloo,Environmental Specialist,-117.1046198,32.7495898
Oyoyo,Senior Financial Analyst,18.11328,52.75378
Zooveo,Web Developer IV,24.9390156,42.1309737
Topiczoom,Systems Administrator II,16.7664659,48.8729498
Zoonder,Registered Nurse,103.7983752,1.5484759
Oba,Nurse Practicioner,23.4716567,37.3287894
Feedbug,Product Engineer,122.354016,37.054157
Yata,Librarian,112.528308,32.990664
Geba,Operator,42.5901672,19.9763524
Wordpedia,Actuary,112.420603,-7.130192
Kanoodle,Media Manager III,5.1345996,48.1096576
Reallinks,Financial Analyst,16.5371625,49.4515969
Browsetype,Assistant Professor,41.6303343,55.3365242
Browsecat,Administrative Assistant III,105.236903,30.594336
Kazio,Senior Sales Associate,-63.8788287,10.9811398
Aibox,Project Manager,6.1605131,47.2981504
Eayo,Product Engineer,-8.5638609,42.8518656
Yodel,Accounting Assistant I,-74.9438915,10.9819737
Kayveo,Statistician IV,26.6327297,55.3948269
Yamia,Product Engineer,38.0011402,55.9240189
Meeveo,Information Systems Manager,-93.1855735,44.9790183
Skimia,Administrative Assistant I,14.5466374,35.8413934
Wikivu,Systems Administrator III,109.599191,27.948308
Viva,Environmental Tech,14.5064706,49.9390977
Dabjam,Senior Quality Engineer,103.1369108,5.329576
Gigashots,Senior Editor,114.3103718,-8.4480167
Yabox,Speech Pathologist,134.6589917,33.8597337
Katz,Analyst Programmer,111.230547,35.575064
Gevee,Staff Accountant I,-77.0449327,18.1402987
Skimia,VP Marketing,18.3373855,49.7216794
LiveZ,Desktop Support Technician,120.185095,33.083093
Browsecat,Speech Pathologist,15.3858774,50.9704636
Meevee,Computer Systems Analyst IV,14.3818464,49.9313612
Browsebug,Analog Circuit Design manager,28.0395999,59.4609192
Zooxo,Administrative Officer,113.407143,23.131797
Demimbu,Research Nurse,123.201959,-8.3340386
Fiveclub,Media Manager I,-48.6553685,-27.4955748
Flashpoint,Civil Engineer,112.1579249,-7.7766561
Quatz,Social Worker,45.4741645,41.096515
Meevee,Assistant Manager,116.4103205,39.9378208
Buzzbean,Nuclear Power Engineer,108.706272,34.329567
Yadel,Food Chemist,36.3725301,48.116045
Skyble,Software Engineer II,103.1279039,17.9309007
Realfire,Database Administrator I,15.8607653,59.3938804
Avamba,Chemical Engineer,106.8325872,-6.8202532
Eazzy,Media Manager I,102.6298251,14.9649534
Shufflebeat,Programmer Analyst IV,-49.26952,-26.8251371
Mydo,Software Consultant,106.8766009,-6.308986
Fivebridge,Desktop Support Technician,140.0373221,36.9832371
Dynabox,Data Coordiator,66.9140468,50.2496386
Tagfeed,Data Coordiator,33.391783,47.910483
Gevee,Junior Executive,-1.9930466,5.301832
Realmix,Financial Analyst,116.537067,37.888248
Abata,VP Product Management,123.7014716,-8.2864014
InnoZ,Food Chemist,-49.3838782,-23.1770971
Quinu,Pharmacist,-7.8585562,42.3233666
Rhycero,Office Assistant I,124.4697283,-9.8610821
Youspan,Data Coordiator,124.014,10.7908
Vinder,Accounting Assistant III,108.019549,35.819227
Thoughtblab,Accounting Assistant II,108.3848152,-6.6312766
Thoughtblab,Web Developer III,37.8989689,13.1509414
Bluezoom,Web Designer II,112.758414,-7.272379
Jabbersphere,Occupational Therapist,108.5908437,-6.9078493
Zoovu,Programmer I,-63.8581485,11.028458
Katz,Operator,122.0389128,11.7367016
Vipe,Business Systems Development Analyst,124.848271,7.0773723
Tagtune,Social Worker,19.1700809,47.440449
Oyoyo,Social Worker,-68.1430343,47.0173733
Realmix,Computer Systems Analyst III,12.8728282,56.6622664
Centidel,Help Desk Operator,123.6781612,12.3109644
Skinix,Biostatistician II,-37.7662816,-7.4652278
Skimia,Design Engineer,117.552738,30.8346
Blogpad,Quality Engineer,121.781518,41.375722
Wikizz,Geological Engineer,-78.8226909,-7.1143481
Avamm,Food Chemist,114.835777,26.82808
Miboo,Environmental Tech,19.9310781,41.6315023
Zoovu,Research Nurse,20.2887358,42.6592868
Riffpedia,Software Consultant,116.25,51.88333
Gabspot,Information Systems Manager,100.417181,16.0213558
Realpoint,Chemical Engineer,110.1434668,-7.893728
Thoughtstorm,Pharmacist,120.487985,15.6627727
Jayo,Quality Engineer,3.6245097,49.5706463
Topdrive,Research Assistant III,-6.8050501,61.5549021
Zoombeat,Internal Auditor,37.4286044,56.5637319
Dabshots,Senior Sales Associate,115.074151,35.777346
Quatz,Recruiter,-71.3764996,-16.4067401
Zoonoodle,VP Accounting,100.9849333,13.3600554
Rhyzio,Librarian,12.930107,59.132661
Devshare,Structural Engineer,15.952954,46.4356499
Aimbu,Information Systems Manager,53.0405196,27.2087957
Browseblab,Geological Engineer,120.9428802,14.4240257
Geba,Biostatistician II,7.3732655,6.8429422
Wordtune,Engineer III,121.1798821,16.5196395
Dablist,Civil Engineer,-88.1132737,14.7575652
Riffpedia,Senior Developer,24.3031209,49.8189015
Realpoint,VP Marketing,3.3842473,11.8633332
Kwimbee,Financial Analyst,124.0576816,12.7145722
Blogtag,Budget/Accounting Analyst IV,68.5211384,30.2371203
Wordtune,Dental Hygienist,123.259,-10.5817
Babbleblab,VP Accounting,5.8745347,45.5973849
BlogXS,Design Engineer,18.2202834,54.4868002
Oodoo,Senior Sales Associate,12.7437969,49.8681673
Photojam,Senior Financial Analyst,124.4758849,6.7826022
Roodel,Director of Sales,121.0589081,14.7596318
Pixope,Legal Assistant,19.5082319,49.8405384
Miboo,Payment Adjustment Coordinator,-8.2461254,37.0939437
Fatz,VP Accounting,124.600287,6.737092
Demimbu,Financial Advisor,17.8353702,59.1991816
Kwideo,Senior Sales Associate,-97.6385368,35.6131551
Yoveo,Nurse,35.11362,31.49737
Browsezoom,Software Engineer IV,-28.0339781,38.6152027
Eare,Accounting Assistant I,104.406708,30.839274
Brainverse,Product Engineer,120.997522,14.5473421
Blogpad,Nuclear Power Engineer,17.8147061,59.4874462
Fiveclub,Compensation Analyst,108.117456,34.326903
Zooveo,Sales Representative,100.2992789,16.5909145
Kayveo,Design Engineer,36.7415432,35.2866986
Eabox,Project Manager,27.4380189,-28.6880903
Skivee,Computer Systems Analyst I,26.9229659,56.5501038
Linkbuzz,Developer I,4.024099,48.305818
Lazz,Staff Scientist,31.7195459,0.965759
Gabvine,Compensation Analyst,19.6231329,49.6766897
Pixope,Database Administrator IV,79.869589,52.8340622
Meembee,Systems Administrator II,117.210612,32.197328
Zoozzy,Dental Hygienist,-43.2209394,-22.9841765
Rhynoodle,Research Assistant I,108.6561601,-7.0385115
Eabox,Research Assistant II,-75.6891699,-14.0993396
Tagfeed,Chief Design Engineer,135.6006995,34.5000218
Feedfire,Geological Engineer,75.3178952,42.822377
Twinte,VP Sales,121.044773,14.4931058
Skyble,GIS Technical Architect,130.6524512,33.8831154
Realcube,Quality Control Specialist,114.678669,-3.4301491
Vimbo,Engineer II,41.9381568,44.6381341
Lazzy,Programmer Analyst III,17.5223977,50.3095461
Wordpedia,Senior Sales Associate,100.962601,-0.670315
Jaxspan,Executive Secretary,17.9794988,53.1210091
Riffwire,Analog Circuit Design manager,-76.6658165,-11.9019296
Kimia,Physical Therapy Assistant,-8.9867334,38.6223709
Dazzlesphere,Financial Analyst,113.417068,23.113478
Blogpad,Executive Secretary,18.2282007,49.4679131
Meejo,Staff Accountant II,5.9279895,49.6597583
Rhynyx,VP Sales,29.9856157,-1.241956
Twitterbridge,Junior Executive,102.05,45.95
Wordware,Environmental Tech,4.8779969,6.7518524
Geba,Operator,91.8580145,22.9155908
Browsebug,Financial Analyst,95.735762,32.515255
Twiyo,Graphic Designer,-57.5476145,-24.9670799
Tagtune,Graphic Designer,22.7427761,63.6939838
Zooveo,VP Sales,-1.2073261,6.6249454
Twimm,Internal Auditor,2.612562,48.9802395
Oyondu,Associate Professor,121.0524334,14.5030429
Yabox,Help Desk Operator,166.4574811,-22.1678006
Gigaclub,Marketing Assistant,-77.4185584,20.9874938
Riffwire,Senior Sales Associate,114.415801,23.112257
Jabbersphere,Help Desk Operator,103.8390162,-5.0402647
Edgeclub,Teacher,14.2963455,50.6471859
Dabjam,Payment Adjustment Coordinator,-72.2475967,-14.1187849
Yadel,Community Outreach Specialist,31.2282958,30.9579533
Zooxo,Recruiting Manager,108.839557,27.69965
Browsecat,Junior Executive,-101.8542461,21.0130648
Midel,Product Engineer,33.2473218,46.7523145
Skyble,Assistant Media Planner,-73.079328,-40.2952749
Snaptags,Quality Control Specialist,-77.2347674,17.8099915
Realbridge,Community Outreach Specialist,119.460526,29.208918
Blogpad,Electrical Engineer,-6.1191333,53.1915379
Wordtune,Media Manager I,114.1144306,22.3699122
Dazzlesphere,Systems Administrator I,-71.4447337,19.7391764
Riffpedia,Marketing Manager,19.1226018,43.1555152
Youopia,Legal Assistant,107.7547383,-6.9870354
Gabtune,Internal Auditor,109.9556406,0.409905
Blogpad,Programmer Analyst III,15.1379238,53.6897029
Flipbug,Administrative Officer,-74.5346103,4.0904675
Feedfire,Developer IV,4.596042,44.819386
Blognation,Geological Engineer,36.080026,-0.3030988
Jabbersphere,Compensation Analyst,119.367,-9.582
Avavee,Nurse Practicioner,104.887114,24.031853
Topicshots,Staff Accountant IV,104.138586,36.545015
Ntags,Software Engineer II,30.5188521,59.834171
Mynte,Teacher,16.5104253,59.5891945
Rhycero,Developer IV,105.5230659,32.2875125
Photobug,Structural Analysis Engineer,112.054703,-6.921715
Brightbean,Operator,-64.591805,10.2343685
Voomm,Chief Design Engineer,121.990929,12.261245
Meezzy,Senior Quality Engineer,113.875245,35.30385
Centidel,VP Marketing,105.44174,28.871569
Thoughtbeat,Marketing Manager,18.0084483,59.2442754
Babblestorm,Senior Quality Engineer,48.7542899,-14.5460011
Yacero,Desktop Support Technician,109.1701666,11.893334
Bubbletube,Data Coordiator,120.9873093,14.6760848
Edgewire,Senior Quality Engineer,125.408732,8.972681
Quinu,Web Developer IV,-42.6985095,-21.8833835
Zazio,Director of Sales,23.25,5.033333
Minyx,Mechanical Systems Engineer,120.596202,16.416095
Twitterlist,Structural Analysis Engineer,18.0610035,49.181214
Dabjam,Systems Administrator I,43.0377128,43.4627537
Yacero,Senior Developer,106.9054618,-6.1604549
Tambee,Tax Accountant,12.5409879,55.6689972
Eayo,Design Engineer,102.5000418,71.9666987
Meetz,Human Resources Manager,12.0745352,57.7328579
Feedmix,Internal Auditor,16.6118082,53.1620102
Blogpad,Quality Control Specialist,35.6519282,34.1230021
Zoozzy,Systems Administrator III,23.25,5.033333
Meembee,VP Accounting,-65.2939441,-24.1959097
Kwideo,Operator,10.7674764,59.9036118
Youspan,Senior Financial Analyst,4.8762265,43.9770581
Voonder,Speech Pathologist,20.6206167,40.2779227
Quatz,Automation Specialist III,139.2821897,36.4173244
Reallinks,Administrative Assistant IV,96.28333,5.21667
Brightbean,Clinical Specialist,106.558023,33.12688
Twitterworks,Sales Associate,108.1221146,-7.4111208
Twitterwire,Technical Writer,-14.7695962,13.5336211
Voolith,Administrative Officer,121.5935283,29.8660859
Realcube,Account Representative IV,96.842945,32.036154
Twitterlist,Technical Writer,33.6958809,35.0486587
Browsecat,Community Outreach Specialist,101.21667,38.5
Livetube,Software Engineer IV,118.180193,39.630867
Camimbo,VP Product Management,48.1644626,40.3698651
Brainbox,Research Nurse,2.1253854,13.5115963
Viva,Quality Control Specialist,120.0278872,15.2113128
Trudoo,Marketing Assistant,119.808662,5.093026
Wikivu,Administrative Assistant I,101.115673,35.811058
Flashspan,Executive Secretary,34.856173,32.029748
Meemm,VP Sales,29.9162276,-18.3269371
Cogilith,Actuary,124.458641,-10.082036
Skajo,Structural Engineer,14.1351449,66.3110843
Voomm,Engineer IV,34.986653,32.119799
Quatz,Sales Associate,39.0323223,55.3851413
Podcat,Human Resources Manager,118.8719394,31.7338222
Avamba,Director of Sales,108.6917922,-7.4178714
Jaxnation,Computer Systems Analyst I,49.679652,25.415248
Zoomzone,Social Worker,34.3434119,-2.0076624
Demimbu,Teacher,-47.1322342,-23.5257248
Oyoyo,Business Systems Development Analyst,120.601922,32.661925
Plambee,Assistant Manager,88.3929616,24.4314126
Aivee,Office Assistant III,114.982355,31.354368
Kazu,Mechanical Systems Engineer,70.91302,34.99015
Oloo,Registered Nurse,112.235945,24.561134
Tambee,Help Desk Operator,23.9476988,-6.7397149
Demivee,Compensation Analyst,11.5089621,48.1288628
Zoonoodle,Pharmacist,124.5403,-8.1654
Browsezoom,VP Accounting,6.8029489,6.1413122
Meemm,Director of Sales,175.5482901,-40.2458577
Demimbu,Nuclear Power Engineer,22.281877,49.9581804
Gabvine,Senior Developer,20.4515916,52.0592063
Yabox,Environmental Tech,-64.7858887,32.2945837
Yadel,Associate Professor,140.9986577,38.4198489
Ntag,Geological Engineer,28.0121149,57.5394675
Riffpedia,Pharmacist,-47.1947232,-23.5297232
Oyondu,Social Worker,39.2596277,-6.8107874
Flashset,Human Resources Manager,99.825101,25.984639
Zoombox,Account Representative III,68.5775,43.52639
Photobean,Technical Writer,30.5597,53.8653
Eare,Quality Control Specialist,119.5876,-9.5972
Geba,Engineer III,-58.6055652,-34.7264519
Layo,Research Associate,-7.8946433,37.0938859
Skimia,Tax Accountant,34.3753781,61.7983586
Photospace,Research Associate,33.6483471,-9.2538202
Twimbo,VP Product Management,-77.08,38.94
Thoughtbeat,Human Resources Manager,122.3862362,7.9414261
